                  epoch,         train/box_loss,         train/cls_loss,         train/dfl_loss,   metrics/precision(B),      metrics/recall(B),       metrics/mAP50(B),    metrics/mAP50-95(B),           val/box_loss,           val/cls_loss,           val/dfl_loss,                 lr/pg0,                 lr/pg1,                 lr/pg2
                      0,                 3.6336,                  3.879,                 4.3079,                0.00714,                0.13042,                0.01028,                0.00381,                 3.4453,                 3.9139,                  4.158,             0.00020004,             0.00020004,             0.00020004
                      1,                   3.56,                 3.6888,                 4.2015,                0.00739,                0.13517,                0.01144,                0.00355,                 3.4386,                 3.9166,                 4.1525,             0.00041469,             0.00041469,             0.00041469
                      2,                 3.4386,                 3.5629,                 4.1201,                0.00742,                0.12975,                0.00835,                 0.0032,                 3.4352,                 3.9414,                  4.147,             0.00062719,             0.00062719,             0.00062719
                      3,                 3.3679,                  3.319,                 3.9413,                0.00758,                0.12975,                0.00768,                0.00307,                 3.4761,                 4.0497,                 4.2043,             0.00083754,             0.00083754,             0.00083754
                      4,                 3.3187,                 3.2824,                 3.7948,                0.01086,                0.11958,                0.01689,                 0.0055,                 3.5855,                 4.3873,                 4.3807,              0.0010458,              0.0010458,              0.0010458
                      5,                  3.262,                  3.234,                 3.6589,                0.00698,                0.12636,                0.01367,                0.00554,                  3.412,                 4.4979,                 4.3379,              0.0012518,              0.0012518,              0.0012518
                      6,                 3.1983,                 3.1877,                 3.4921,                0.00746,                0.12729,                0.01168,                0.00392,                 3.3443,                 4.6989,                 4.3051,              0.0014557,              0.0014557,              0.0014557
                      7,                 3.1444,                 3.1608,                 3.4114,                0.00714,                0.12102,                0.00851,                0.00288,                 3.3313,                 4.7768,                 4.2103,              0.0016092,              0.0016092,              0.0016092
                      8,                 3.1362,                 3.1746,                 3.3917,                0.52154,                0.02371,                0.00687,                 0.0025,                 3.4142,                 4.4098,                 4.1504,              0.0016092,              0.0016092,              0.0016092
                      9,                  3.107,                 3.1022,                 3.3417,                0.52184,                0.00949,                0.00548,                0.00184,                 3.3254,                 3.9548,                 3.9056,               0.001601,               0.001601,               0.001601
                     10,                 2.9976,                 3.0557,                  3.223,                0.54892,                0.02778,                0.01177,                0.00327,                   3.12,                 3.5945,                 3.5093,              0.0015927,              0.0015927,              0.0015927
                     11,                 3.0227,                 3.0714,                 3.2324,                0.04931,                 0.0393,                0.01422,                0.00434,                 3.1244,                 3.5922,                 3.5644,              0.0015845,              0.0015845,              0.0015845
                     12,                 3.0218,                 2.9786,                 3.1423,                 0.5599,                0.07588,                0.03323,                0.00949,                 2.9661,                 3.4108,                 3.4194,              0.0015762,              0.0015762,              0.0015762
                     13,                 2.9244,                 2.9724,                 3.1884,                0.06379,                0.07004,                0.02856,                0.00867,                 2.8458,                  3.433,                 3.2556,               0.001568,               0.001568,               0.001568
                     14,                 2.8575,                 2.9516,                 3.1154,                0.03539,                0.10197,                0.01835,                0.00536,                 2.8664,                 3.6575,                 3.2861,              0.0015597,              0.0015597,              0.0015597
                     15,                 2.8753,                 2.9381,                 3.0788,                0.05745,                0.06259,                0.02604,                0.00735,                 2.9109,                 3.4651,                 3.2645,              0.0015515,              0.0015515,              0.0015515
                     16,                 2.8186,                 2.8666,                 3.0565,                0.10348,                0.08469,                0.05025,                0.01568,                 2.8326,                 3.2377,                  3.282,              0.0015432,              0.0015432,              0.0015432
                     17,                  2.798,                 2.8817,                 3.0373,                0.07942,                0.07241,                0.03321,                0.01098,                 2.7356,                 3.2369,                 3.1173,               0.001535,               0.001535,               0.001535
                     18,                 2.7516,                   2.88,                 2.9907,                0.14158,                 0.1527,                 0.0416,                0.01241,                 2.6957,                  3.326,                 3.0004,              0.0015267,              0.0015267,              0.0015267
                     19,                 2.6972,                 2.7487,                 2.8964,                0.22501,                0.13635,                0.05225,                0.01564,                 2.6587,                 3.3377,                 2.9862,              0.0015185,              0.0015185,              0.0015185
                     20,                 2.6248,                   2.79,                 2.9193,                 0.1767,                 0.1384,                0.08139,                0.02563,                 2.5669,                  2.953,                 2.8885,              0.0015102,              0.0015102,              0.0015102
                     21,                 2.6608,                 2.7208,                 2.8692,                0.22096,                0.15542,                0.11579,                 0.0381,                 2.5566,                 2.8138,                   2.83,               0.001502,               0.001502,               0.001502
                     22,                   2.64,                 2.6578,                 2.8064,                0.18656,                0.15586,                 0.0924,                0.02945,                 2.6225,                 2.8513,                 2.8724,              0.0014937,              0.0014937,              0.0014937
                     23,                 2.5835,                  2.616,                 2.7511,                0.16395,                0.14907,                0.09797,                0.03005,                 2.5836,                 2.9292,                 2.8512,              0.0014855,              0.0014855,              0.0014855
                     24,                 2.5487,                 2.6127,                 2.7339,                0.20598,                0.17687,                0.09686,                0.03163,                 2.6162,                   2.85,                 2.8426,              0.0014772,              0.0014772,              0.0014772
                     25,                 2.5141,                 2.5503,                 2.6894,                0.22578,                0.19092,                0.11258,                0.04233,                 2.4215,                 2.9036,                 2.7373,               0.001469,               0.001469,               0.001469
                     26,                 2.4813,                 2.5692,                 2.7093,                0.19774,                0.20277,                0.12621,                0.04501,                 2.4318,                 3.0088,                 2.7285,              0.0014607,              0.0014607,              0.0014607
                     27,                 2.4731,                 2.5512,                 2.6923,                0.20991,                0.20886,                0.14531,                0.05598,                 2.3367,                 2.8182,                 2.6361,              0.0014525,              0.0014525,              0.0014525
                     28,                 2.3872,                 2.4643,                 2.6102,                 0.2642,                0.23293,                 0.1748,                0.07321,                 2.3064,                 2.5763,                  2.594,              0.0014442,              0.0014442,              0.0014442
                     29,                 2.3922,                 2.4327,                 2.6077,                0.25669,                0.25785,                0.16447,                0.06414,                 2.2752,                 2.5287,                 2.5926,               0.001436,               0.001436,               0.001436
                     30,                 2.2888,                 2.3615,                 2.5359,                0.31308,                0.23149,                0.18791,                0.07886,                 2.2387,                 2.4648,                 2.5649,              0.0014277,              0.0014277,              0.0014277
                     31,                 2.3191,                 2.3864,                 2.5831,                0.30756,                0.24344,                0.17981,                0.07565,                 2.2434,                 2.4465,                 2.5565,              0.0014195,              0.0014195,              0.0014195
                     32,                 2.2701,                 2.3512,                   2.53,                0.28744,                0.26504,                0.18545,                0.07385,                 2.2541,                 2.4218,                 2.5474,              0.0014112,              0.0014112,              0.0014112
                     33,                 2.2361,                  2.239,                 2.4518,                0.35506,                0.25227,                0.20996,                0.08689,                  2.181,                 2.3864,                 2.5038,              0.0014029,              0.0014029,              0.0014029
                     34,                 2.2312,                 2.2156,                 2.4489,                0.32583,                0.24247,                0.20643,                0.09027,                 2.1639,                 2.3406,                 2.4533,              0.0013947,              0.0013947,              0.0013947
                     35,                 2.2306,                 2.2754,                 2.4672,                0.29734,                0.24329,                0.19765,                0.08347,                 2.2188,                 2.5292,                 2.5028,              0.0013864,              0.0013864,              0.0013864
                     36,                  2.247,                  2.276,                 2.4752,                0.29534,                0.26409,                0.20684,                 0.0887,                 2.2103,                 2.6281,                 2.4915,              0.0013782,              0.0013782,              0.0013782
                     37,                 2.2399,                  2.287,                 2.4738,                0.26959,                0.24065,                0.17469,                0.07195,                 2.2225,                 2.5635,                 2.4765,              0.0013699,              0.0013699,              0.0013699
                     38,                 2.1898,                 2.2725,                 2.4303,                0.35707,                0.26148,                0.24388,                0.10927,                 2.1213,                 2.4021,                 2.3878,              0.0013617,              0.0013617,              0.0013617
                     39,                 2.1968,                 2.2337,                  2.412,                0.31199,                0.28004,                0.21852,                0.08929,                 2.2054,                 2.5678,                 2.4444,              0.0013534,              0.0013534,              0.0013534
                     40,                 2.1782,                 2.1639,                 2.3829,                0.41317,                  0.257,                0.24733,                0.10464,                 2.1016,                 2.4913,                 2.3361,              0.0013452,              0.0013452,              0.0013452
                     41,                 2.1235,                 2.1465,                  2.342,                0.38284,                0.30739,                0.27659,                0.12448,                 2.0389,                 2.1944,                 2.3079,              0.0013369,              0.0013369,              0.0013369
                     42,                  2.122,                 2.1572,                 2.3247,                 0.3629,                0.29874,                0.26866,                 0.1258,                 2.0203,                 2.1853,                 2.2828,              0.0013287,              0.0013287,              0.0013287
                     43,                 2.0842,                 2.1467,                 2.3224,                 0.4178,                0.28336,                0.26168,                0.11453,                 2.1151,                 2.3171,                 2.3634,              0.0013204,              0.0013204,              0.0013204
                     44,                 2.1162,                 2.1048,                  2.333,                0.39594,                0.31186,                0.27564,                0.12852,                 2.0216,                 2.1618,                 2.2814,              0.0013122,              0.0013122,              0.0013122
                     45,                 2.0345,                 2.0326,                 2.2415,                0.38712,                0.33578,                0.29517,                0.13883,                 1.9531,                  2.133,                 2.2246,              0.0013039,              0.0013039,              0.0013039
                     46,                 2.0681,                 2.0571,                  2.261,                0.46632,                0.30263,                0.31467,                0.14669,                 1.9691,                 2.0695,                  2.241,              0.0012957,              0.0012957,              0.0012957
                     47,                 2.0827,                 2.1042,                 2.2977,                0.54144,                0.30188,                0.33695,                0.15987,                 1.9452,                 2.0547,                 2.2438,              0.0012874,              0.0012874,              0.0012874
                     48,                  2.038,                 2.0394,                 2.2681,                0.50749,                0.32818,                0.32989,                0.16519,                 1.9206,                 2.0587,                 2.1726,              0.0012792,              0.0012792,              0.0012792
                     49,                 2.0597,                 1.9877,                 2.2398,                0.49326,                0.33486,                0.33404,                0.15785,                 1.9772,                 2.0614,                 2.1998,              0.0012709,              0.0012709,              0.0012709
                     50,                 2.0429,                 2.0718,                 2.2544,                0.48488,                0.31955,                0.33888,                0.16462,                 1.9521,                 2.0619,                 2.1866,              0.0012627,              0.0012627,              0.0012627
                     51,                 1.9774,                 1.9973,                 2.1942,                0.47268,                0.33655,                0.33394,                0.16349,                 1.9001,                  1.974,                 2.1634,              0.0012544,              0.0012544,              0.0012544
                     52,                 1.9907,                 1.9731,                 2.2023,                0.49848,                0.32066,                 0.3405,                0.16555,                 1.9338,                 2.0215,                 2.1441,              0.0012462,              0.0012462,              0.0012462
                     53,                 1.9645,                 1.9925,                 2.1946,                0.46075,                0.34674,                 0.3458,                0.17294,                 1.9124,                 1.9475,                 2.1262,              0.0012379,              0.0012379,              0.0012379
                     54,                 1.9429,                 1.9095,                 2.1313,                0.48567,                0.35375,                0.37612,                0.19231,                 1.8587,                 1.8587,                  2.104,              0.0012297,              0.0012297,              0.0012297
                     55,                 1.9513,                  1.972,                 2.1787,                0.53988,                0.34704,                0.37167,                0.18926,                 1.8544,                 1.8941,                 2.1131,              0.0012214,              0.0012214,              0.0012214
                     56,                 2.0114,                 1.9675,                 2.2145,                0.58262,                0.35272,                0.39366,                0.20201,                 1.8276,                 1.8536,                 2.0852,              0.0012132,              0.0012132,              0.0012132
                     57,                 1.9126,                  1.901,                 2.1229,                 0.5769,                0.36179,                0.39643,                0.19378,                 1.9118,                 1.8921,                 2.1481,              0.0012049,              0.0012049,              0.0012049
                     58,                  1.917,                 1.8544,                 2.1174,                0.60418,                0.37525,                0.42652,                0.21567,                 1.8258,                 1.8008,                 2.0685,              0.0011967,              0.0011967,              0.0011967
                     59,                 1.9514,                 1.8387,                  2.142,                0.59926,                0.33109,                0.38112,                0.19405,                 1.8409,                 1.9481,                 2.0776,              0.0011884,              0.0011884,              0.0011884
                     60,                 1.8836,                 1.8299,                 2.1026,                0.61099,                0.39654,                0.44587,                0.23181,                 1.7722,                 1.7338,                 2.0059,              0.0011802,              0.0011802,              0.0011802
                     61,                 1.8686,                 1.8271,                 2.0712,                0.58906,                0.37364,                0.42272,                0.22524,                 1.7724,                 1.7476,                 2.0066,              0.0011719,              0.0011719,              0.0011719
                     62,                 1.8797,                 1.7763,                 2.0453,                0.56105,                0.40272,                0.44376,                0.23961,                 1.7854,                 1.7433,                 2.0211,              0.0011636,              0.0011636,              0.0011636
                     63,                 1.8907,                 1.8636,                 2.1271,                0.57814,                0.39873,                0.43899,                0.23075,                 1.7863,                 1.7658,                 2.0137,              0.0011554,              0.0011554,              0.0011554
                     64,                 1.8643,                 1.8185,                 2.1138,                0.62527,                0.37578,                0.43309,                0.22985,                  1.767,                 1.7708,                 1.9975,              0.0011471,              0.0011471,              0.0011471
                     65,                 1.8702,                 1.8035,                  2.041,                0.58794,                0.39297,                0.43574,                0.24245,                   1.73,                 1.6823,                 1.9708,              0.0011389,              0.0011389,              0.0011389
                     66,                 1.8571,                 1.8069,                 2.0657,                0.56432,                0.39745,                0.44116,                0.23047,                 1.7378,                 1.7053,                 1.9432,              0.0011306,              0.0011306,              0.0011306
                     67,                 1.8178,                 1.7998,                 2.0522,                0.57078,                0.41465,                0.44361,                0.24001,                  1.723,                 1.6983,                 1.9591,              0.0011224,              0.0011224,              0.0011224
                     68,                 1.8042,                 1.7696,                 2.0189,                 0.6204,                0.39505,                0.46629,                0.25424,                 1.7199,                 1.6569,                 1.9609,              0.0011141,              0.0011141,              0.0011141
                     69,                 1.7914,                 1.7383,                 2.0301,                 0.6222,                 0.4111,                0.47891,                0.24715,                 1.7853,                 1.6771,                 2.0034,              0.0011059,              0.0011059,              0.0011059
                     70,                 1.8103,                 1.6942,                 1.9991,                0.64071,                0.41363,                0.49055,                0.26976,                 1.6927,                 1.6044,                 1.9246,              0.0010976,              0.0010976,              0.0010976
                     71,                 1.7962,                 1.7169,                 1.9991,                0.61939,                0.42964,                0.50248,                0.27044,                 1.6921,                 1.5844,                  1.904,              0.0010894,              0.0010894,              0.0010894
                     72,                 1.7735,                 1.6515,                 1.9698,                0.63633,                0.42829,                0.49806,                 0.2567,                 1.7249,                  1.589,                 1.9404,              0.0010811,              0.0010811,              0.0010811
                     73,                 1.8013,                 1.6715,                 1.9924,                0.56727,                0.44004,                0.49503,                0.26185,                 1.7291,                 1.6075,                  1.934,              0.0010729,              0.0010729,              0.0010729
                     74,                 1.7965,                 1.7067,                 2.0181,                0.67721,                0.42811,                0.51578,                0.28168,                 1.6553,                 1.5468,                 1.8977,              0.0010646,              0.0010646,              0.0010646
                     75,                 1.7775,                 1.6706,                 1.9805,                0.63463,                0.44902,                 0.5227,                0.28839,                 1.6812,                 1.5763,                 1.9032,              0.0010564,              0.0010564,              0.0010564
                     76,                 1.7924,                 1.6593,                 1.9777,                0.66516,                0.43406,                0.51408,                0.26826,                 1.7169,                 1.5774,                 1.9436,              0.0010481,              0.0010481,              0.0010481
                     77,                 1.8053,                 1.6574,                 1.9574,                0.61443,                0.47098,                0.51378,                0.28039,                 1.7035,                 1.5682,                 1.9042,              0.0010399,              0.0010399,              0.0010399
                     78,                 1.8286,                 1.6942,                  1.979,                0.64681,                0.47766,                0.54048,                 0.2895,                 1.6783,                 1.5457,                 1.8769,              0.0010316,              0.0010316,              0.0010316
                     79,                 1.7593,                 1.5803,                 1.9313,                0.64894,                0.46259,                0.53656,                0.29171,                  1.684,                 1.5301,                  1.891,              0.0010234,              0.0010234,              0.0010234
                     80,                 1.7766,                 1.6022,                 1.9175,                0.62434,                0.48197,                0.54134,                 0.2953,                 1.6326,                 1.5256,                 1.8493,              0.0010151,              0.0010151,              0.0010151
                     81,                 1.7342,                 1.5654,                  1.914,                0.67908,                0.46402,                 0.5531,                0.30457,                 1.6414,                 1.4792,                 1.8514,              0.0010069,              0.0010069,              0.0010069
                     82,                 1.7324,                 1.5664,                 1.8891,                0.65415,                0.46259,                0.53265,                0.29516,                  1.703,                 1.5225,                 1.9095,             0.00099862,             0.00099862,             0.00099862
                     83,                  1.774,                 1.6334,                 1.9455,                 0.7143,                0.47564,                0.55574,                0.30659,                 1.6515,                 1.4911,                  1.865,             0.00099036,             0.00099036,             0.00099036
                     84,                 1.7496,                 1.5794,                 1.9199,                0.70868,                0.48776,                0.56153,                0.28892,                 1.6994,                 1.5172,                 1.8903,             0.00098211,             0.00098211,             0.00098211
                     85,                 1.7961,                 1.6177,                 1.9419,                0.70002,                0.49219,                0.56856,                0.30322,                  1.634,                 1.4646,                 1.8444,             0.00097386,             0.00097386,             0.00097386
                     86,                  1.708,                 1.5787,                 1.8822,                0.65105,                0.49495,                0.56438,                0.30097,                 1.6318,                 1.4573,                  1.844,             0.00096561,             0.00096561,             0.00096561
                     87,                 1.7041,                 1.5511,                 1.8923,                0.71059,                0.47931,                0.57152,                0.31195,                 1.6066,                 1.4349,                 1.8185,             0.00095736,             0.00095736,             0.00095736
                     88,                 1.7071,                 1.5732,                 1.9317,                0.75738,                0.46422,                0.58835,                 0.3279,                  1.621,                 1.4437,                 1.8164,             0.00094911,             0.00094911,             0.00094911
                     89,                 1.7255,                  1.543,                  1.876,                0.71045,                0.49266,                0.58221,                0.32309,                 1.5816,                  1.445,                 1.7867,             0.00094085,             0.00094085,             0.00094085
                     90,                 1.6792,                 1.5433,                 1.8767,                0.71556,                 0.5202,                0.60952,                0.33947,                 1.5683,                  1.429,                 1.7652,              0.0009326,              0.0009326,              0.0009326
                     91,                 1.6601,                 1.5424,                  1.863,                0.71669,                0.50378,                0.59857,                 0.3374,                  1.593,                 1.3968,                 1.8005,             0.00092435,             0.00092435,             0.00092435
                     92,                 1.7016,                 1.5494,                 1.8657,                0.68544,                0.51673,                0.59168,                0.33685,                 1.5453,                  1.415,                 1.7572,              0.0009161,              0.0009161,              0.0009161
                     93,                 1.6734,                 1.5522,                 1.8768,                   0.74,                0.49983,                0.59647,                0.33345,                 1.5878,                 1.3928,                 1.7603,             0.00090785,             0.00090785,             0.00090785
                     94,                 1.6591,                 1.5398,                 1.8709,                0.73186,                0.50632,                0.61258,                0.33912,                 1.5488,                 1.3616,                 1.7494,              0.0008996,              0.0008996,              0.0008996
                     95,                 1.6626,                 1.4883,                  1.834,                0.74179,                0.49473,                0.59754,                0.34059,                 1.5254,                 1.3702,                 1.7433,             0.00089134,             0.00089134,             0.00089134
                     96,                 1.6679,                 1.4786,                 1.8403,                0.71327,                0.54021,                0.61702,                0.35285,                 1.5089,                 1.3439,                 1.7354,             0.00088309,             0.00088309,             0.00088309
                     97,                 1.6483,                 1.4674,                 1.8288,                 0.7601,                0.52489,                0.62782,                0.36103,                 1.5207,                 1.3012,                 1.7341,             0.00087484,             0.00087484,             0.00087484
                     98,                 1.6324,                 1.4913,                 1.8282,                0.76698,                0.53458,                0.63035,                 0.3597,                 1.5047,                 1.2854,                 1.7144,             0.00086659,             0.00086659,             0.00086659
                     99,                 1.5654,                  1.465,                 1.7774,                0.76209,                0.53647,                0.64489,                0.35034,                 1.5587,                 1.3142,                 1.7572,             0.00085834,             0.00085834,             0.00085834
                    100,                 1.6426,                 1.4632,                 1.8327,                0.73866,                0.52978,                0.63502,                0.34355,                 1.5703,                  1.366,                 1.7613,             0.00085009,             0.00085009,             0.00085009
                    101,                 1.6128,                 1.4722,                 1.8043,                0.72365,                0.52334,                0.61565,                0.31427,                 1.7008,                 1.4374,                   1.85,             0.00084184,             0.00084184,             0.00084184
                    102,                 1.6326,                 1.4228,                 1.7845,                0.70363,                0.56044,                 0.6329,                0.34762,                 1.5615,                 1.3008,                  1.772,             0.00083358,             0.00083358,             0.00083358
                    103,                 1.6036,                 1.4281,                 1.8066,                0.72836,                0.55552,                 0.6521,                0.38633,                 1.4498,                 1.2679,                 1.6824,             0.00082533,             0.00082533,             0.00082533
                    104,                 1.5807,                 1.4163,                 1.7819,                0.76057,                0.53197,                0.64434,                0.37263,                 1.4737,                 1.2583,                 1.6899,             0.00081708,             0.00081708,             0.00081708
                    105,                 1.5866,                 1.3647,                 1.7701,                0.74231,                0.58308,                0.65406,                  0.361,                 1.5349,                   1.28,                 1.7393,             0.00080883,             0.00080883,             0.00080883
                    106,                 1.5794,                 1.4195,                 1.7958,                0.70716,                0.54333,                0.63645,                0.37357,                 1.4747,                 1.2901,                   1.69,             0.00080058,             0.00080058,             0.00080058
                    107,                 1.5782,                 1.4257,                 1.7973,                0.77688,                 0.5557,                0.65659,                0.38437,                 1.4887,                 1.2252,                 1.6894,             0.00079233,             0.00079233,             0.00079233
                    108,                 1.5593,                 1.3812,                 1.7558,                0.79091,                0.54917,                0.66002,                0.37445,                 1.4899,                 1.2674,                 1.7106,             0.00078407,             0.00078407,             0.00078407
                    109,                 1.5834,                 1.3969,                 1.7695,                 0.7693,                0.55679,                0.66097,                0.38248,                 1.4951,                 1.2497,                 1.6921,             0.00077582,             0.00077582,             0.00077582
                    110,                 1.5654,                  1.339,                 1.7601,                0.76655,                0.55742,                0.66514,                0.39233,                 1.4597,                 1.2268,                 1.6734,             0.00076757,             0.00076757,             0.00076757
                    111,                 1.5932,                 1.3773,                 1.7646,                 0.7595,                0.56748,                  0.671,                0.39842,                 1.4216,                 1.1897,                 1.6378,             0.00075932,             0.00075932,             0.00075932
                    112,                 1.5393,                 1.3783,                 1.7435,                0.78067,                0.55333,                0.67176,                0.39551,                 1.4343,                 1.1842,                 1.6388,             0.00075107,             0.00075107,             0.00075107
                    113,                 1.5828,                 1.3783,                 1.7759,                0.79393,                0.59279,                0.69137,                0.40189,                  1.463,                 1.2197,                 1.6714,             0.00074282,             0.00074282,             0.00074282
                    114,                 1.5153,                 1.3375,                 1.7457,                0.84303,                0.55816,                0.68901,                0.39979,                 1.4387,                 1.1867,                 1.6399,             0.00073456,             0.00073456,             0.00073456
                    115,                 1.5593,                 1.3413,                 1.7517,                0.79102,                0.57999,                0.68054,                0.39907,                 1.4356,                 1.2552,                 1.6597,             0.00072631,             0.00072631,             0.00072631
                    116,                  1.584,                 1.3614,                 1.7696,                0.79409,                0.59868,                0.67825,                0.39872,                 1.4454,                 1.2259,                 1.6582,             0.00071806,             0.00071806,             0.00071806
                    117,                 1.5552,                 1.3083,                 1.7119,                0.81305,                0.58405,                0.67947,                0.41263,                 1.3853,                 1.2222,                 1.6033,             0.00070981,             0.00070981,             0.00070981
                    118,                 1.5281,                 1.3019,                 1.6963,                0.79417,                0.58678,                0.69749,                0.40991,                 1.4128,                  1.194,                 1.6258,             0.00070156,             0.00070156,             0.00070156
                    119,                 1.5117,                 1.3673,                 1.7178,                0.77586,                0.60017,                0.69691,                 0.4246,                 1.3848,                 1.1498,                 1.6073,             0.00069331,             0.00069331,             0.00069331
                    120,                 1.5168,                 1.2768,                 1.7178,                 0.7874,                 0.6137,                0.71234,                0.42312,                 1.3708,                 1.1231,                 1.5891,             0.00068505,             0.00068505,             0.00068505
                    121,                 1.5355,                 1.3123,                 1.7097,                 0.8214,                0.60064,                0.70194,                0.41434,                 1.4642,                 1.2088,                 1.6619,              0.0006768,              0.0006768,              0.0006768
                    122,                 1.5018,                 1.3035,                 1.6962,                0.83284,                0.57311,                 0.7018,                0.42412,                 1.4022,                 1.1744,                 1.6202,             0.00066855,             0.00066855,             0.00066855
                    123,                 1.5411,                 1.3253,                 1.7142,                0.81858,                 0.5973,                0.70373,                0.42663,                 1.4038,                 1.1449,                  1.606,              0.0006603,              0.0006603,              0.0006603
                    124,                 1.5278,                 1.3079,                 1.7198,                0.80265,                0.62629,                0.72164,                0.43448,                 1.3668,                 1.1091,                 1.5789,             0.00065205,             0.00065205,             0.00065205
                    125,                 1.5175,                 1.2883,                  1.707,                0.80107,                   0.61,                0.71158,                0.42983,                 1.3761,                 1.1333,                 1.5953,              0.0006438,              0.0006438,              0.0006438
                    126,                 1.4878,                 1.2829,                 1.6916,                0.82719,                0.61774,                0.71393,                0.43223,                 1.3998,                 1.1255,                 1.6056,             0.00063554,             0.00063554,             0.00063554
                    127,                 1.5503,                 1.2975,                 1.7115,                0.82515,                0.61853,                0.72366,                 0.4378,                   1.36,                 1.0796,                  1.572,             0.00062729,             0.00062729,             0.00062729
                    128,                 1.4966,                 1.2788,                 1.6999,                0.82251,                0.62181,                 0.7232,                 0.4339,                 1.3508,                 1.1061,                 1.5686,             0.00061904,             0.00061904,             0.00061904
                    129,                 1.4775,                 1.2663,                 1.6637,                0.83671,                0.61711,                0.72305,                0.44446,                 1.3335,                 1.0787,                 1.5469,             0.00061079,             0.00061079,             0.00061079
                    130,                 1.5467,                 1.2837,                 1.7018,                 0.8247,                0.61512,                0.71639,                0.43396,                 1.3501,                  1.084,                 1.5623,             0.00060254,             0.00060254,             0.00060254
                    131,                 1.4464,                  1.247,                 1.6607,                0.83536,                0.64286,                0.74103,                0.44517,                 1.3143,                 1.0707,                 1.5374,             0.00059429,             0.00059429,             0.00059429
                    132,                 1.4921,                 1.2601,                 1.6696,                0.75361,                0.62364,                0.71568,                0.45046,                 1.3097,                 1.0847,                 1.5492,             0.00058603,             0.00058603,             0.00058603
                    133,                 1.4891,                 1.2384,                 1.6454,                0.79553,                0.62551,                0.72282,                0.45132,                 1.3288,                 1.0949,                 1.5574,             0.00057778,             0.00057778,             0.00057778
                    134,                 1.4619,                 1.2506,                  1.674,                0.82377,                0.62393,                0.73382,                0.44479,                 1.3128,                 1.0691,                 1.5328,             0.00056953,             0.00056953,             0.00056953
                    135,                 1.4837,                 1.2685,                 1.6477,                 0.8152,                0.61442,                0.72501,                0.44475,                   1.34,                 1.1358,                 1.5521,             0.00056128,             0.00056128,             0.00056128
                    136,                 1.4646,                 1.2411,                 1.6603,                0.79874,                0.59099,                 0.7078,                0.44255,                 1.3378,                 1.0756,                 1.5418,             0.00055303,             0.00055303,             0.00055303
                    137,                 1.4865,                 1.2602,                 1.6552,                0.80262,                0.62184,                0.72493,                0.44396,                 1.3679,                 1.0921,                  1.572,             0.00054478,             0.00054478,             0.00054478
                    138,                 1.4945,                 1.2546,                 1.6517,                0.81313,                0.62109,                0.73882,                0.45792,                 1.3202,                 1.0818,                 1.5479,             0.00053652,             0.00053652,             0.00053652
                    139,                 1.4393,                  1.213,                 1.6437,                0.80811,                0.65007,                0.74388,                0.46432,                 1.3068,                 1.0275,                 1.5206,             0.00052827,             0.00052827,             0.00052827
                    140,                 1.4777,                 1.2533,                 1.6674,                0.84099,                 0.6466,                0.74055,                0.45852,                 1.3319,                 1.0381,                 1.5293,             0.00052002,             0.00052002,             0.00052002
                    141,                 1.4588,                 1.2034,                 1.6306,                0.82948,                0.65844,                0.74929,                 0.4699,                 1.2773,                  1.013,                 1.5086,             0.00051177,             0.00051177,             0.00051177
                    142,                 1.4231,                 1.2308,                 1.6507,                0.83556,                0.63798,                0.74422,                0.46959,                 1.2835,                 1.0168,                 1.5075,             0.00050352,             0.00050352,             0.00050352
                    143,                 1.4708,                 1.2338,                 1.6305,                 0.8312,                0.64931,                0.75464,                0.46813,                 1.2581,                 1.0173,                  1.476,             0.00049527,             0.00049527,             0.00049527
                    144,                 1.4144,                  1.171,                 1.6122,                 0.8762,                 0.6404,                  0.761,                0.46567,                 1.2752,                 1.0208,                 1.4855,             0.00048701,             0.00048701,             0.00048701
                    145,                 1.3923,                 1.1751,                 1.5905,                0.85032,                0.64718,                0.75548,                0.47581,                 1.2593,                 1.0029,                 1.4847,             0.00047876,             0.00047876,             0.00047876
                    146,                 1.4213,                  1.162,                 1.5963,                0.83341,                0.65112,                0.75968,                0.48171,                 1.2675,                 1.0053,                 1.4999,             0.00047051,             0.00047051,             0.00047051
                    147,                 1.4104,                 1.2111,                  1.637,                0.85954,                0.66658,                0.76875,                0.48334,                 1.2511,                0.98678,                 1.4894,             0.00046226,             0.00046226,             0.00046226
                    148,                 1.4359,                 1.2051,                 1.6447,                0.84646,                0.65041,                  0.761,                0.47381,                 1.2799,                 1.0171,                 1.4957,             0.00045401,             0.00045401,             0.00045401
                    149,                  1.441,                 1.1909,                 1.6115,                 0.8468,                0.64823,                0.75632,                0.47765,                 1.2551,                 1.0017,                 1.4895,             0.00044576,             0.00044576,             0.00044576
                    150,                 1.3572,                 1.1771,                 1.5946,                0.82974,                 0.6715,                0.76486,                0.48703,                 1.2344,                 1.0082,                 1.4717,              0.0004375,              0.0004375,              0.0004375
                    151,                 1.3679,                 1.1376,                 1.5749,                0.86468,                0.66942,                0.77846,                0.49181,                 1.2388,                0.96044,                 1.4654,             0.00042925,             0.00042925,             0.00042925
                    152,                 1.4206,                 1.1589,                 1.6032,                0.86557,                0.65749,                0.77293,                0.48797,                 1.2451,                0.94213,                 1.4661,               0.000421,               0.000421,               0.000421
                    153,                 1.4104,                 1.1918,                 1.6278,                0.88298,                 0.6537,                0.77728,                0.48857,                  1.231,                 0.9504,                 1.4582,             0.00041275,             0.00041275,             0.00041275
                    154,                 1.3649,                 1.1366,                 1.5805,                0.84844,                 0.6809,                0.77655,                 0.4931,                 1.2026,                0.95821,                 1.4471,              0.0004045,              0.0004045,              0.0004045
                    155,                 1.3993,                  1.151,                 1.6235,                0.87111,                0.66279,                0.77043,                0.49119,                 1.2047,                0.94374,                 1.4393,             0.00039625,             0.00039625,             0.00039625
                    156,                 1.4173,                 1.1404,                  1.608,                0.85556,                0.67101,                0.77247,                0.49751,                 1.2047,                0.92809,                 1.4351,             0.00038799,             0.00038799,             0.00038799
                    157,                 1.3617,                 1.1211,                   1.56,                0.87894,                 0.6771,                0.78546,                0.50171,                 1.1773,                 0.9072,                 1.4225,             0.00037974,             0.00037974,             0.00037974
                    158,                 1.3788,                 1.1535,                 1.5937,                0.87723,                0.67107,                0.78915,                0.50093,                 1.1829,                0.91445,                 1.4263,             0.00037149,             0.00037149,             0.00037149
                    159,                 1.3804,                 1.1548,                 1.5977,                0.87286,                0.66709,                0.77954,                0.49688,                 1.2045,                0.92147,                  1.435,             0.00036324,             0.00036324,             0.00036324
                    160,                 1.3699,                 1.1111,                  1.549,                0.86163,                0.68284,                0.78558,                 0.4966,                 1.2193,                0.92567,                 1.4498,             0.00035499,             0.00035499,             0.00035499
                    161,                 1.3947,                 1.1223,                 1.5833,                0.87093,                0.67765,                0.79024,                0.50468,                 1.1911,                0.91555,                 1.4236,             0.00034674,             0.00034674,             0.00034674
                    162,                 1.3536,                 1.1001,                 1.5765,                0.83793,                0.67734,                0.78217,                0.50527,                 1.1875,                0.91602,                 1.4173,             0.00033848,             0.00033848,             0.00033848
                    163,                 1.3469,                 1.1263,                 1.5635,                0.83836,                0.68725,                0.78542,                0.50126,                 1.1981,                0.92477,                 1.4241,             0.00033023,             0.00033023,             0.00033023
                    164,                 1.3912,                 1.1436,                 1.5853,                0.88651,                0.67548,                  0.793,                0.50057,                 1.1993,                0.92832,                  1.426,             0.00032198,             0.00032198,             0.00032198
                    165,                 1.3621,                 1.1337,                 1.5792,                 0.8919,                0.67708,                 0.8023,                0.51363,                 1.1809,                0.91141,                 1.4193,             0.00031373,             0.00031373,             0.00031373
                    166,                 1.3948,                 1.1386,                 1.6038,                0.84901,                 0.6986,                0.79355,                0.52352,                  1.154,                0.91271,                 1.4024,             0.00030548,             0.00030548,             0.00030548
                    167,                 1.3469,                   1.12,                 1.5537,                0.83909,                0.68449,                0.78622,                0.51492,                 1.1685,                0.93097,                 1.4102,             0.00029723,             0.00029723,             0.00029723
                    168,                  1.327,                 1.1032,                 1.5523,                0.84925,                0.70917,                0.79901,                0.52215,                 1.1669,                0.89459,                 1.4034,             0.00028897,             0.00028897,             0.00028897
                    169,                 1.3196,                 1.0975,                 1.5549,                0.87478,                0.70995,                0.80639,                0.52705,                 1.1551,                0.87845,                 1.4014,             0.00028072,             0.00028072,             0.00028072
                    170,                 1.3602,                 1.1139,                 1.5654,                0.87621,                0.68844,                 0.8016,                0.52462,                 1.1592,                0.88198,                 1.4057,             0.00027247,             0.00027247,             0.00027247
                    171,                  1.361,                 1.0972,                 1.5443,                0.88364,                0.66589,                0.79524,                0.52321,                 1.1484,                0.91106,                 1.3908,             0.00026422,             0.00026422,             0.00026422
                    172,                 1.3278,                 1.1001,                 1.5629,                0.86572,                 0.7016,                0.80505,                0.53173,                 1.1414,                0.89439,                 1.3919,             0.00025597,             0.00025597,             0.00025597
                    173,                 1.3113,                   1.11,                 1.5774,                0.88549,                0.69521,                0.80681,                 0.5321,                 1.1477,                0.88324,                    1.4,             0.00024772,             0.00024772,             0.00024772
                    174,                 1.3141,                 1.0891,                 1.5559,                0.86763,                 0.6958,                0.80262,                0.52455,                 1.1542,                0.87004,                 1.3949,             0.00023946,             0.00023946,             0.00023946
                    175,                 1.3804,                 1.1226,                 1.5613,                0.87599,                0.69293,                0.80854,                0.52887,                  1.152,                0.87608,                 1.3914,             0.00023121,             0.00023121,             0.00023121
                    176,                 1.3394,                 1.1029,                  1.557,                0.88752,                0.70217,                 0.8152,                0.54222,                 1.1237,                0.85887,                 1.3695,             0.00022296,             0.00022296,             0.00022296
                    177,                 1.3249,                 1.0549,                 1.5156,                 0.8836,                0.70868,                 0.8146,                0.53892,                  1.122,                 0.8527,                 1.3677,             0.00021471,             0.00021471,             0.00021471
                    178,                 1.3048,                 1.0535,                 1.5106,                0.86555,                 0.7198,                0.81429,                0.54122,                 1.1261,                0.85168,                 1.3708,             0.00020646,             0.00020646,             0.00020646
                    179,                 1.3471,                 1.0896,                 1.5728,                0.86087,                0.71587,                0.80901,                0.53931,                 1.1256,                 0.8563,                 1.3713,             0.00019821,             0.00019821,             0.00019821
                    180,                 1.3214,                 1.0477,                 1.5298,                0.85876,                 0.7252,                0.81541,                0.53869,                 1.1213,                0.84614,                 1.3683,             0.00018995,             0.00018995,             0.00018995
                    181,                  1.299,                 1.0482,                 1.5335,                0.86807,                0.72082,                0.81588,                0.54146,                 1.1133,                0.84045,                 1.3647,              0.0001817,              0.0001817,              0.0001817
                    182,                 1.3124,                 1.0555,                 1.5263,                0.88348,                0.70761,                0.81941,                0.54189,                 1.1163,                0.83606,                  1.364,             0.00017345,             0.00017345,             0.00017345
                    183,                 1.2939,                 1.0335,                  1.535,                0.89912,                0.69526,                 0.8213,                0.54716,                 1.1061,                0.83591,                 1.3594,              0.0001652,              0.0001652,              0.0001652
                    184,                 1.2896,                 1.0295,                 1.5254,                0.85988,                0.72281,                0.81803,                0.54889,                 1.1075,                0.83003,                 1.3633,             0.00015695,             0.00015695,             0.00015695
                    185,                 1.3264,                 1.0542,                 1.5449,                0.88259,                0.71547,                 0.8224,                0.54635,                 1.1196,                0.82342,                 1.3666,              0.0001487,              0.0001487,              0.0001487
                    186,                 1.2625,                 1.0398,                 1.4905,                0.89215,                0.71221,                 0.8278,                 0.5558,                 1.0957,                0.81728,                 1.3484,             0.00014044,             0.00014044,             0.00014044
                    187,                 1.2911,                 1.0211,                 1.5105,                0.88128,                0.72974,                0.82496,                0.55226,                 1.0984,                0.83236,                 1.3503,             0.00013219,             0.00013219,             0.00013219
                    188,                 1.2546,                 1.0158,                  1.483,                0.88527,                0.71842,                0.82386,                0.55377,                 1.0991,                0.83804,                 1.3533,             0.00012394,             0.00012394,             0.00012394
                    189,                 1.2668,                 1.0532,                 1.4986,                 0.8768,                0.71817,                0.82132,                0.55764,                  1.085,                0.82685,                 1.3437,             0.00011569,             0.00011569,             0.00011569
                    190,                 1.2723,                 1.0109,                 1.4894,                0.86887,                0.71563,                0.82008,                0.55279,                 1.0823,                0.82508,                   1.34,             0.00010744,             0.00010744,             0.00010744
                    191,                 1.2676,                  1.019,                 1.4864,                0.88149,                0.71606,                0.82569,                0.55431,                 1.0919,                0.81915,                 1.3429,             9.9187e-05,             9.9187e-05,             9.9187e-05
                    192,                 1.2701,                 1.0297,                 1.5251,                0.88936,                0.72534,                0.82726,                0.55591,                 1.0929,                0.81327,                 1.3422,             9.0935e-05,             9.0935e-05,             9.0935e-05
                    193,                 1.2639,                0.98141,                 1.4853,                0.90062,                0.71882,                0.82857,                0.55833,                 1.0898,                0.81493,                 1.3435,             8.2683e-05,             8.2683e-05,             8.2683e-05
                    194,                 1.2749,                 1.0196,                 1.4958,                0.89593,                0.72181,                0.82984,                0.55776,                 1.0869,                0.81437,                 1.3416,             7.4432e-05,             7.4432e-05,             7.4432e-05
                    195,                 1.2749,                 1.0036,                 1.4743,                0.89617,                 0.7236,                0.83142,                0.56013,                 1.0763,                0.80814,                 1.3329,              6.618e-05,              6.618e-05,              6.618e-05
                    196,                 1.2166,                0.96795,                 1.4796,                 0.8722,                0.73646,                0.82801,                0.55942,                 1.0799,                0.80559,                 1.3333,             5.7928e-05,             5.7928e-05,             5.7928e-05
                    197,                 1.2689,                 1.0086,                 1.4818,                0.87772,                0.72871,                 0.8269,                0.55837,                 1.0795,                 0.8062,                 1.3334,             4.9677e-05,             4.9677e-05,             4.9677e-05
                    198,                 1.2601,                 1.0099,                 1.5083,                 0.8756,                0.73205,                0.82458,                0.55797,                  1.076,                0.80977,                 1.3331,             4.1425e-05,             4.1425e-05,             4.1425e-05
                    199,                 1.2452,                 1.0074,                  1.486,                0.86971,                0.73403,                0.82663,                0.56328,                 1.0679,                0.80518,                 1.3275,             3.3173e-05,             3.3173e-05,             3.3173e-05
